{"cameraMode":{"drawMode":0,"name":"Shaded","section":"Shading Mode"},"sceneLighting":false,"audioPlay":false,"sceneViewState":{"m_AlwaysRefresh":false,"showFog":true,"showSkybox":false,"showFlares":true,"showImageEffects":true,"showParticleSystems":true,"showVisualEffectGraphs":true,"m_FxEnabled":true},"in2DMode":false,"pivot":{"x":0.010545508936047554,"y":10.443145751953125,"z":1.068204402923584},"rotation":{"x":-0.03689152002334595,"y":0.00148404436185956,"z":-0.00015166150114964694,"w":-0.9994016289710999},"size":0.16176095604896546,"orthographic":false}