{"cameraMode":{"drawMode":0,"name":"Shaded","section":"Shading Mode"},"sceneLighting":false,"audioPlay":false,"sceneViewState":{"m_AlwaysRefresh":false,"showFog":true,"showSkybox":false,"showFlares":true,"showImageEffects":true,"showParticleSystems":true,"showVisualEffectGraphs":true,"m_FxEnabled":true},"in2DMode":false,"pivot":{"x":-0.023769110441207887,"y":10.308719635009766,"z":0.013760879635810852},"rotation":{"x":-0.10516544431447983,"y":0.6533796787261963,"z":-0.09233408421278,"w":-0.7440811991691589},"size":0.1652173548936844,"orthographic":false}